fn,power,reps
FAM24RUN9gene1.lods,0.0836734693878,490
FAM24RUN10gene1.lods,0.0,408
FAM25RUN0gene1.lods,1.0,497
FAM25RUN1gene1.lods,1.0,497
FAM25RUN2gene1.lods,1.0,497
FAM25RUN3gene1.lods,1.0,497
FAM25RUN4gene1.lods,1.0,497
FAM25RUN5gene1.lods,0.991951710262,497
FAM25RUN6gene1.lods,0.949698189135,497
FAM20RUN0gene0.lods,0.0,495
FAM20RUN0gene1.lods,1.0,497
FAM20RUN1gene0.lods,0.0201207243461,497
FAM20RUN1gene1.lods,1.0,497
FAM20RUN2gene0.lods,0.201207243461,497
FAM20RUN2gene1.lods,1.0,497
FAM20RUN3gene0.lods,0.460764587525,497
FAM20RUN3gene1.lods,1.0,497
FAM20RUN4gene0.lods,0.718309859155,497
FAM20RUN4gene1.lods,1.0,497
FAM20RUN5gene0.lods,0.859154929577,497
FAM20RUN5gene1.lods,0.967806841046,497
FAM20RUN6gene0.lods,0.963782696177,497
FAM20RUN6gene1.lods,0.883299798793,497
FAM20RUN7gene0.lods,0.995975855131,497
FAM20RUN7gene1.lods,0.700201207243,497
FAM20RUN8gene0.lods,1.0,497
FAM20RUN8gene1.lods,0.375,496
FAM20RUN9gene0.lods,1.0,497
FAM20RUN9gene1.lods,0.0576131687243,486
FAM20RUN10gene0.lods,1.0,497
FAM20RUN10gene1.lods,0.0,379
FAM21RUN0gene0.lods,0.0,494
FAM21RUN0gene1.lods,1.0,497
FAM21RUN1gene0.lods,0.0201207243461,497
FAM21RUN1gene1.lods,1.0,497
FAM21RUN2gene0.lods,0.217303822938,497
FAM21RUN2gene1.lods,1.0,497
FAM21RUN3gene0.lods,0.507042253521,497
FAM21RUN3gene1.lods,1.0,497
FAM21RUN4gene0.lods,0.732394366197,497
FAM21RUN4gene1.lods,1.0,497
FAM21RUN5gene0.lods,0.893360160966,497
FAM21RUN5gene1.lods,0.975855130785,497
FAM21RUN6gene0.lods,0.959758551308,497
FAM21RUN6gene1.lods,0.909456740443,497
FAM21RUN7gene0.lods,0.991951710262,497
FAM21RUN7gene1.lods,0.704225352113,497
FAM21RUN8gene0.lods,1.0,497
FAM21RUN8gene1.lods,0.438631790744,497
FAM21RUN9gene0.lods,1.0,497
FAM21RUN9gene1.lods,0.0702479338843,484
FAM21RUN10gene0.lods,1.0,497
FAM21RUN10gene1.lods,0.0,383
FAM22RUN0gene0.lods,0.0,494
FAM22RUN0gene1.lods,1.0,497
FAM22RUN1gene0.lods,0.0120724346076,497
FAM22RUN1gene1.lods,1.0,497
FAM22RUN2gene0.lods,0.223340040241,497
FAM22RUN2gene1.lods,1.0,497
FAM22RUN3gene0.lods,0.494969818913,497
FAM22RUN3gene1.lods,1.0,497
FAM22RUN4gene0.lods,0.746478873239,497
FAM22RUN4gene1.lods,1.0,497
FAM22RUN5gene0.lods,0.893360160966,497
FAM22RUN5gene1.lods,0.987927565392,497
FAM22RUN6gene0.lods,0.97384305835,497
FAM22RUN6gene1.lods,0.913480885312,497
FAM22RUN7gene0.lods,0.995975855131,497
FAM22RUN7gene1.lods,0.728370221328,497
FAM22RUN8gene0.lods,0.997987927565,497
FAM22RUN8gene1.lods,0.43661971831,497
FAM22RUN9gene0.lods,1.0,497
FAM22RUN9gene1.lods,0.0637860082305,486
FAM22RUN10gene0.lods,1.0,497
FAM22RUN10gene1.lods,0.0,395
FAM23RUN0gene0.lods,0.0,495
FAM23RUN0gene1.lods,1.0,497
FAM23RUN1gene0.lods,0.0281690140845,497
FAM23RUN1gene1.lods,1.0,497
FAM23RUN2gene0.lods,0.23138832998,497
FAM23RUN2gene1.lods,1.0,497
FAM23RUN3gene0.lods,0.51106639839,497
FAM23RUN3gene1.lods,1.0,497
FAM23RUN4gene0.lods,0.750503018109,497
FAM23RUN4gene1.lods,1.0,497
FAM23RUN5gene0.lods,0.907444668008,497
FAM23RUN5gene1.lods,0.979879275654,497
FAM23RUN6gene0.lods,0.969818913481,497
FAM23RUN6gene1.lods,0.929577464789,497
FAM23RUN7gene0.lods,0.995975855131,497
FAM23RUN7gene1.lods,0.750503018109,497
FAM23RUN8gene0.lods,0.997987927565,497
FAM23RUN8gene1.lods,0.466800804829,497
FAM23RUN9gene0.lods,1.0,497
FAM23RUN9gene1.lods,0.100409836066,488
FAM23RUN10gene0.lods,1.0,497
FAM23RUN10gene1.lods,0.0,401
FAM24RUN0gene0.lods,0.0,497
FAM24RUN0gene1.lods,1.0,497
FAM24RUN1gene0.lods,0.0281690140845,497
FAM24RUN1gene1.lods,1.0,497
FAM24RUN2gene0.lods,0.239436619718,497
FAM24RUN2gene1.lods,1.0,497
FAM24RUN3gene0.lods,0.553319919517,497
FAM24RUN3gene1.lods,1.0,497
FAM24RUN4gene0.lods,0.766599597586,497
FAM24RUN4gene1.lods,1.0,497
FAM24RUN5gene0.lods,0.92555331992,497
FAM24RUN5gene1.lods,0.989939637827,497
FAM24RUN6gene0.lods,0.975855130785,497
FAM24RUN6gene1.lods,0.9476861167,497
FAM24RUN7gene0.lods,0.993963782696,497
FAM24RUN7gene1.lods,0.764587525151,497
FAM24RUN8gene0.lods,1.0,497
FAM24RUN8gene1.lods,0.476861167002,497
FAM24RUN9gene0.lods,1.0,497
FAM24RUN10gene0.lods,1.0,497
FAM25RUN0gene0.lods,0.0,497
FAM25RUN1gene0.lods,0.0301810865191,497
FAM25RUN2gene0.lods,0.235412474849,497
FAM25RUN3gene0.lods,0.543259557344,497
FAM25RUN4gene0.lods,0.784708249497,497
FAM25RUN5gene0.lods,0.927565392354,497
FAM25RUN6gene0.lods,0.985915492958,497
FAM25RUN7gene0.lods,1.0,497
FAM25RUN7gene1.lods,0.79476861167,497
FAM25RUN8gene0.lods,1.0,497
FAM25RUN8gene1.lods,0.51509054326,497
FAM25RUN9gene0.lods,1.0,497
FAM25RUN9gene1.lods,0.109979633401,491
FAM25RUN10gene0.lods,1.0,497
FAM25RUN10gene1.lods,0.0,409
FAM26RUN0gene0.lods,0.0,497
FAM26RUN0gene1.lods,1.0,497
FAM26RUN1gene0.lods,0.0362173038229,497
FAM26RUN1gene1.lods,1.0,497
FAM26RUN2gene0.lods,0.255533199195,497
FAM26RUN2gene1.lods,1.0,497
FAM26RUN3gene0.lods,0.577464788732,497
FAM26RUN3gene1.lods,1.0,497
FAM26RUN4gene0.lods,0.800804828974,497
FAM26RUN4gene1.lods,1.0,497
FAM26RUN5gene0.lods,0.935613682093,497
FAM26RUN5gene1.lods,0.993963782696,497
FAM26RUN6gene0.lods,0.985915492958,497
FAM26RUN6gene1.lods,0.961770623742,497
FAM26RUN7gene0.lods,0.995975855131,497
FAM26RUN7gene1.lods,0.810865191147,497
FAM26RUN8gene0.lods,1.0,497
FAM26RUN8gene1.lods,0.531187122736,497
FAM26RUN9gene0.lods,1.0,497
FAM26RUN9gene1.lods,0.107287449393,494
FAM26RUN10gene0.lods,1.0,497
FAM26RUN10gene1.lods,0.0,422
FAM27RUN0gene0.lods,0.0,497
FAM27RUN0gene1.lods,1.0,497
FAM27RUN1gene0.lods,0.0281690140845,497
FAM27RUN1gene1.lods,1.0,497
FAM27RUN2gene0.lods,0.273641851107,497
FAM27RUN2gene1.lods,1.0,497
FAM27RUN3gene0.lods,0.577464788732,497
FAM27RUN3gene1.lods,1.0,497
FAM27RUN4gene0.lods,0.804828973843,497
FAM27RUN4gene1.lods,1.0,497
FAM27RUN5gene0.lods,0.9476861167,497
FAM27RUN5gene1.lods,0.991951710262,497
FAM27RUN6gene0.lods,0.981891348089,497
FAM27RUN6gene1.lods,0.963782696177,497
FAM27RUN7gene0.lods,1.0,497
FAM27RUN7gene1.lods,0.830985915493,497
FAM27RUN8gene0.lods,0.997987927565,497
FAM27RUN8gene1.lods,0.543259557344,497
FAM27RUN9gene0.lods,1.0,497
FAM27RUN9gene1.lods,0.117408906883,494
FAM27RUN10gene0.lods,1.0,497
FAM27RUN10gene1.lods,0.0,417
FAM28RUN0gene0.lods,0.0,496
FAM28RUN0gene1.lods,1.0,497
FAM28RUN1gene0.lods,0.0382293762575,497
FAM28RUN1gene1.lods,1.0,497
FAM28RUN2gene0.lods,0.27967806841,497
FAM28RUN2gene1.lods,1.0,497
FAM28RUN3gene0.lods,0.593561368209,497
FAM28RUN3gene1.lods,1.0,497
FAM28RUN4gene0.lods,0.82092555332,497
FAM28RUN4gene1.lods,1.0,497
FAM28RUN5gene0.lods,0.941649899396,497
FAM28RUN5gene1.lods,0.995975855131,497
FAM28RUN6gene0.lods,0.979879275654,497
FAM28RUN6gene1.lods,0.975855130785,497
FAM28RUN7gene0.lods,0.997987927565,497
FAM28RUN7gene1.lods,0.845070422535,497
FAM28RUN8gene0.lods,1.0,497
FAM28RUN8gene1.lods,0.569416498994,497
FAM28RUN9gene0.lods,1.0,497
FAM28RUN9gene1.lods,0.12955465587,494
FAM28RUN10gene0.lods,1.0,497
FAM28RUN10gene1.lods,0.0,426
FAM29RUN0gene0.lods,0.0,497
FAM29RUN0gene1.lods,1.0,497
FAM29RUN1gene0.lods,0.0382293762575,497
FAM29RUN1gene1.lods,1.0,497
FAM29RUN2gene0.lods,0.295774647887,497
FAM29RUN2gene1.lods,1.0,497
FAM29RUN3gene0.lods,0.623742454728,497
FAM29RUN3gene1.lods,1.0,497
FAM29RUN4gene0.lods,0.824949698189,497
FAM29RUN4gene1.lods,1.0,497
FAM29RUN5gene0.lods,0.953722334004,497
FAM29RUN5gene1.lods,0.995975855131,497
FAM29RUN6gene0.lods,0.989939637827,497
FAM29RUN6gene1.lods,0.97384305835,497
FAM29RUN7gene0.lods,0.997987927565,497
FAM29RUN7gene1.lods,0.855130784708,497
FAM29RUN8gene0.lods,1.0,497
FAM29RUN8gene1.lods,0.581488933602,497
FAM29RUN9gene0.lods,1.0,497
FAM29RUN9gene1.lods,0.139959432049,493
FAM29RUN10gene0.lods,1.0,497
FAM29RUN10gene1.lods,0.0,438
FAM30RUN0gene0.lods,0.0,497
FAM30RUN0gene1.lods,1.0,497
FAM30RUN1gene0.lods,0.046277665996,497
FAM30RUN1gene1.lods,1.0,497
FAM30RUN2gene0.lods,0.293762575453,497
FAM30RUN2gene1.lods,1.0,497
FAM30RUN3gene0.lods,0.613682092555,497
FAM30RUN3gene1.lods,1.0,497
FAM30RUN4gene0.lods,0.849094567404,497
FAM30RUN4gene1.lods,1.0,497
FAM30RUN5gene0.lods,0.963782696177,497
FAM30RUN5gene1.lods,1.0,497
FAM30RUN6gene0.lods,0.993963782696,497
FAM30RUN6gene1.lods,0.981891348089,497
FAM30RUN7gene0.lods,0.997987927565,497
FAM30RUN7gene1.lods,0.883299798793,497
FAM30RUN8gene0.lods,1.0,497
FAM30RUN9gene0.lods,1.0,497
FAM30RUN10gene0.lods,1.0,497
FAM30RUN8gene1.lods,0.603621730382,497
FAM30RUN9gene1.lods,0.153846153846,494
FAM30RUN10gene1.lods,0.0,440
